{"IcoMoonType":"selection","icons":[{"icon":{"paths":["M512 0c281.6 0 512 230.4 512 512s-230.4 512-512 512-512-230.4-512-512 230.4-512 512-512zM512 93.867c-230.4 0-418.133 187.733-418.133 418.133s187.733 418.133 418.133 418.133 418.133-187.733 418.133-418.133-187.733-418.133-418.133-418.133zM546.133 221.867c8.533 0 8.533 0 8.533 8.533v264.533l196.267 196.267c0 0 0 0 0 8.533 0 0 0 8.533 0 8.533l-51.2 51.2c0 0 0 0-8.533 0 0 0-8.533 0-8.533 0l-213.333-221.867c0 0-8.533-8.533-8.533-17.067v-290.133c0-8.533 0-8.533 8.533-8.533h76.8z"],"attrs":[],"isMulticolor":false,"isMulticolor2":false,"grid":0,"tags":["time"],"colorPermutations":{}},"attrs":[],"properties":{"order":201,"id":1,"name":"time","prevSize":32,"code":59649},"setIdx":0,"setId":11,"iconIdx":0},{"icon":{"paths":["M896 341.333v170.667l-384 341.333-384-341.333v-170.667l384 264.533z"],"attrs":[],"isMulticolor":false,"isMulticolor2":false,"grid":0,"tags":["pull_down"],"colorPermutations":{}},"attrs":[],"properties":{"order":200,"id":0,"name":"pull_down","prevSize":32,"code":59648},"setIdx":0,"setId":11,"iconIdx":1}],"height":1024,"metadata":{"name":"icomoon"},"preferences":{"showGlyphs":true,"showQuickUse":true,"showQuickUse2":true,"showSVGs":true,"fontPref":{"prefix":"icon-","metadata":{"fontFamily":"icomoon","majorVersion":1,"minorVersion":0},"metrics":{"emSize":1024,"baseline":6.25,"whitespace":50},"embed":false,"autoHost":false,"showSelector":true,"showMetrics":true,"showMetadata":false},"imagePref":{"prefix":"icon-","png":true,"useClassSelector":true,"color":0,"bgColor":16777215,"classSelector":".icon"},"historySize":50,"showCodes":true,"gridSize":16,"quickUsageToken":{"UntitledProject":"NWJkZTVlMzRmOCMxNzQ1NTQ5Mzk1I3BvbWxhK2w0LzI4UFB0czJrWmtCSHdPbDR3SEo3SElBVTExcVZNMjhTaFRn"}}}